[{"pk": 1, "model": "price.category", "fields": {"name": "\u041a\u043e\u043c\u043f\u043b\u0435\u043a\u0441\u043d\u0430\u044f \u0443\u0431\u043e\u0440\u043a\u0430 \u043f\u043e\u043c\u0435\u0449\u0435\u043d\u0438\u0439", "order": 100}}, {"pk": 3, "model": "price.category", "fields": {"name": "\u041c\u043e\u0439\u043a\u0430 \u043e\u043a\u043e\u043d \u0438 \u0441\u0442\u0435\u043a\u043b\u044f\u043d\u043d\u044b\u0445 \u043f\u043e\u0432\u0435\u0440\u0445\u043d\u043e\u0441\u0442\u0435\u0439", "order": 100}}, {"pk": 8, "model": "price.category", "fields": {"name": "\u041e\u0431\u0441\u043b\u0443\u0436\u0438\u0432\u0430\u043d\u0438\u0435 \u0433\u0440\u044f\u0437\u0435\u0437\u0430\u0449\u0438\u0442\u043d\u044b\u0445 \u043a\u043e\u0432\u0440\u0438\u043a\u043e\u0432", "order": 100}}, {"pk": 6, "model": "price.category", "fields": {"name": "\u041e\u0447\u0438\u0441\u0442\u043a\u0430 \u043a\u0440\u043e\u0432\u043b\u0438 \u043e\u0442 \u0441\u043d\u0435\u0433\u0430 \u0438 \u043d\u0430\u043b\u0435\u0434\u0438", "order": 100}}, {"pk": 2, "model": "price.category", "fields": {"name": "\u0423\u0445\u043e\u0434 \u0437\u0430 \u043f\u0440\u0438\u043b\u0435\u0433\u0430\u044e\u0449\u0435\u0439 \u0442\u0435\u0440\u0440\u0438\u0442\u043e\u0440\u0438\u0435\u0439", "order": 100}}, {"pk": 4, "model": "price.category", "fields": {"name": "\u0423\u0445\u043e\u0434 \u0437\u0430 \u0442\u0432\u0435\u0440\u0434\u044b\u043c\u0438 \u043f\u043e\u043b\u0430\u043c\u0438", "order": 100}}, {"pk": 7, "model": "price.category", "fields": {"name": "\u0424\u0430\u0441\u0430\u0434\u043d\u044b\u0435 \u0440\u0430\u0431\u043e\u0442\u044b", "order": 100}}, {"pk": 5, "model": "price.category", "fields": {"name": "\u0425\u0438\u043c\u0438\u0447\u0435\u0441\u043a\u0430\u044f \u0447\u0438\u0441\u0442\u043a\u0430 \u043a\u043e\u0432\u0440\u043e\u0432, \u043a\u043e\u0432\u0440\u043e\u0432\u044b\u0445 \u043f\u043e\u043a\u0440\u044b\u0442\u0438\u0439 \u0438 \u043e\u0431\u0438\u0432\u043a\u0438 \u043c\u0435\u0431\u0435\u043b\u0438", "order": 100}}, {"pk": 21, "model": "price.subcategory", "fields": {"category": 6, "name": "\u0410\u0431\u043e\u043d\u0435\u043d\u0442\u0441\u043a\u043e\u0435 \u043e\u0431\u0441\u043b\u0443\u0436\u0438\u0432\u0430\u043d\u0438\u0435 \u043a\u0440\u043e\u0432\u043b\u0438 (\u043a\u0440\u043e\u0432\u043b\u044f \u0431\u0435\u0437 \u043e\u0433\u0440\u0430\u0436\u0434\u0435\u043d\u0438\u044f)", "order": 100}}, {"pk": 20, "model": "price.subcategory", "fields": {"category": 6, "name": "\u0410\u0431\u043e\u043d\u0435\u043d\u0442\u0441\u043a\u043e\u0435 \u043e\u0431\u0441\u043b\u0443\u0436\u0438\u0432\u0430\u043d\u0438\u0435 \u043a\u0440\u043e\u0432\u043b\u0438 (\u043a\u0440\u043e\u0432\u043b\u044f \u0441 \u043e\u0433\u0440\u0430\u0436\u0434\u0435\u043d\u0438\u0435\u043c)", "order": 100}}, {"pk": 9, "model": "price.subcategory", "fields": {"category": 2, "name": "\u0412\u044b\u0432\u043e\u0437 \u043c\u0443\u0441\u043e\u0440\u0430", "order": 100}}, {"pk": 23, "model": "price.subcategory", "fields": {"category": 7, "name": "\u0413\u0435\u0440\u043c\u0435\u0442\u0438\u0437\u0430\u0446\u0438\u044f \u0448\u0432\u043e\u0432 (\u0431\u0435\u0437 \u0441\u0442\u043e\u0438\u043c\u043e\u0441\u0442\u0438 \u043c\u0430\u0442\u0435\u0440\u0438\u0430\u043b\u043e\u0432)", "order": 100}}, {"pk": 26, "model": "price.subcategory", "fields": {"category": 7, "name": "\u0413\u0438\u0434\u0440\u043e\u0444\u043e\u0431\u0438\u0437\u0430\u0446\u0438\u044f \u043f\u043e\u0432\u0435\u0440\u0445\u043d\u043e\u0441\u0442\u0435\u0439", "order": 100}}, {"pk": 13, "model": "price.subcategory", "fields": {"category": 4, "name": "\u0413\u0440\u0430\u043d\u0438\u0442", "order": 100}}, {"pk": 4, "model": "price.subcategory", "fields": {"category": 1, "name": "\u0414\u043e\u043f\u043e\u043b\u043d\u0438\u0442\u0435\u043b\u044c\u043d\u044b\u0435 \u0443\u0441\u043b\u0443\u0433\u0438", "order": 100}}, {"pk": 7, "model": "price.subcategory", "fields": {"category": 2, "name": "\u0415\u0436\u0435\u0434\u043d\u0435\u0432\u043d\u0430\u044f \u0443\u0431\u043e\u0440\u043a\u0430 \u043f\u0440\u0438\u043b\u0435\u0433\u0430\u044e\u0449\u0435\u0439 \u0442\u0435\u0440\u0440\u0438\u0442\u043e\u0440\u0438\u0438", "order": 100}}, {"pk": 28, "model": "price.subcategory", "fields": {"category": 8, "name": "\u0417\u0430\u043c\u0435\u043d\u0430 \u0433\u0440\u044f\u0437\u0435\u0437\u0430\u0449\u0438\u0442\u043d\u044b\u0445 \u043a\u043e\u0432\u0440\u0438\u043a\u043e\u0432 (\u0446\u0435\u043d\u044b \u0443\u043a\u0430\u0437\u0430\u043d\u044b \u0437\u0430 \u043e\u0434\u043d\u043e\u0440\u0430\u0437\u043e\u0432\u0443\u044e \u0437\u0430\u043c\u0435\u043d\u0443)", "order": 100}}, {"pk": 10, "model": "price.subcategory", "fields": {"category": 3, "name": "\u041c\u043e\u0439\u043a\u0430 \u043e\u043a\u043e\u043d", "order": 100}}, {"pk": 11, "model": "price.subcategory", "fields": {"category": 3, "name": "\u041c\u043e\u0439\u043a\u0430 \u043e\u043a\u043e\u043d \u0441 \u043f\u043e\u043c\u043e\u0449\u044c\u044e \u043f\u0440\u043e\u043c\u044b\u0448\u043b\u0435\u043d\u043d\u043e\u0433\u043e \u0430\u043b\u044c\u043f\u0438\u043d\u0438\u0437\u043c\u0430", "order": 100}}, {"pk": 22, "model": "price.subcategory", "fields": {"category": 7, "name": "\u041c\u043e\u0439\u043a\u0430 \u0444\u0430\u0441\u0430\u0434\u043e\u0432", "order": 100}}, {"pk": 12, "model": "price.subcategory", "fields": {"category": 4, "name": "\u041c\u0440\u0430\u043c\u043e\u0440", "order": 100}}, {"pk": 25, "model": "price.subcategory", "fields": {"category": 7, "name": "\u041e\u043a\u0440\u0430\u0441\u043a\u0430 \u0444\u0430\u0441\u0430\u0434\u043e\u0432", "order": 100}}, {"pk": 27, "model": "price.subcategory", "fields": {"category": 7, "name": "\u041e\u0447\u0438\u0441\u0442\u043a\u0430 \u0441\u0442\u0435\u043d \u043e\u0442 \u0432\u044b\u0441\u043e\u043b\u043e\u0432", "order": 100}}, {"pk": 19, "model": "price.subcategory", "fields": {"category": 6, "name": "\u0420\u0430\u0437\u043e\u0432\u0430\u044f \u043e\u0447\u0438\u0441\u0442\u043a\u0430 \u0432\u0441\u0435\u0439 \u043f\u043b\u043e\u0449\u0430\u0434\u0438 \u043a\u0440\u043e\u0432\u043b\u0438 (\u043a\u0440\u043e\u0432\u043b\u044f \u0431\u0435\u0437 \u043e\u0433\u0440\u0430\u0436\u0434\u0435\u043d\u0438\u044f)", "order": 100}}, {"pk": 18, "model": "price.subcategory", "fields": {"category": 6, "name": "\u0420\u0430\u0437\u043e\u0432\u0430\u044f \u043e\u0447\u0438\u0441\u0442\u043a\u0430 \u0432\u0441\u0435\u0439 \u043f\u043b\u043e\u0449\u0430\u0434\u0438 \u043a\u0440\u043e\u0432\u043b\u0438 (\u043a\u0440\u043e\u0432\u043b\u044f \u0441 \u043e\u0433\u0440\u0430\u0436\u0434\u0435\u043d\u0438\u0435\u043c)", "order": 100}}, {"pk": 24, "model": "price.subcategory", "fields": {"category": 7, "name": "\u0420\u0435\u043c\u043e\u043d\u0442 \u0442\u0440\u0435\u0449\u0438\u043d", "order": 100}}, {"pk": 6, "model": "price.subcategory", "fields": {"category": 1, "name": "\u0423\u0431\u043e\u0440\u043a\u0430 \u0432 \u0441\u0430\u043d\u0438\u0442\u0430\u0440\u043d\u043e-\u0433\u0438\u0433\u0438\u0435\u043d\u0438\u0447\u0435\u0441\u043a\u0438\u0445 \u043a\u043e\u043c\u043d\u0430\u0442\u0430\u0445", "order": 100}}, {"pk": 3, "model": "price.subcategory", "fields": {"category": 1, "name": "\u0423\u0431\u043e\u0440\u043a\u0430 \u043a\u0432\u0430\u0440\u0442\u0438\u0440, \u043a\u043e\u0442\u0442\u0435\u0434\u0436\u0435\u0439", "order": 100}}, {"pk": 5, "model": "price.subcategory", "fields": {"category": 1, "name": "\u0423\u0431\u043e\u0440\u043a\u0430 \u043a\u0443\u0445\u043e\u043d\u043d\u044b\u0445 \u043f\u043e\u043c\u0435\u0449\u0435\u043d\u0438\u0439", "order": 100}}, {"pk": 1, "model": "price.subcategory", "fields": {"category": 1, "name": "\u0423\u0431\u043e\u0440\u043a\u0430 \u043e\u0444\u0438\u0441\u043d\u044b\u0445 \u043f\u043e\u043c\u0435\u0449\u0435\u043d\u0438\u0439", "order": 100}}, {"pk": 2, "model": "price.subcategory", "fields": {"category": 1, "name": "\u0423\u0431\u043e\u0440\u043a\u0430 \u0441\u043a\u043b\u0430\u0434\u0441\u043a\u0438\u0445, \u043f\u0440\u043e\u0438\u0437\u0432\u043e\u0434\u0441\u0442\u0432\u0435\u043d\u043d\u044b\u0445 \u043f\u043e\u043c\u0435\u0449\u0435\u043d\u0438\u0439", "order": 100}}, {"pk": 8, "model": "price.subcategory", "fields": {"category": 2, "name": "\u0423\u0434\u0430\u043b\u0435\u043d\u0438\u0435 \u0438 \u043a\u0440\u043e\u043d\u0438\u0440\u043e\u0432\u0430\u043d\u0438\u0435 \u0434\u0435\u0440\u0435\u0432\u044c\u0435\u0432", "order": 100}}, {"pk": 14, "model": "price.subcategory", "fields": {"category": 4, "name": "\u0423\u0445\u043e\u0434 \u0437\u0430 \u043b\u0438\u043d\u043e\u043b\u0435\u0443\u043c\u043e\u043c", "order": 100}}, {"pk": 15, "model": "price.subcategory", "fields": {"category": 4, "name": "\u0423\u0445\u043e\u0434 \u0437\u0430 \u043f\u0430\u0440\u043a\u0435\u0442\u043d\u044b\u043c\u0438 \u043f\u043e\u043b\u0430\u043c\u0438", "order": 100}}, {"pk": 16, "model": "price.subcategory", "fields": {"category": 5, "name": "\u0425\u0438\u043c\u0438\u0447\u0435\u0441\u043a\u0430\u044f \u0447\u0438\u0441\u0442\u043a\u0430 \u043a\u043e\u0436\u0430\u043d\u043d\u043e\u0439 \u0438 \u043c\u044f\u0433\u043a\u043e\u0439 \u043c\u0435\u0431\u0435\u043b\u0438", "order": 100}}, {"pk": 17, "model": "price.subcategory", "fields": {"category": 5, "name": "\u0425\u0438\u043c\u0447\u0438\u0441\u0442\u043a\u0430 \u043a\u043e\u0432\u0440\u043e\u0432", "order": 100}}, {"pk": 95, "model": "price.item", "fields": {"price": 120, "subcategory": 23, "unit": " \u043f. \u043c", "name": "\u0412\u0442\u043e\u0440\u0438\u0447\u043d\u0430\u044f \u0433\u0435\u0440\u043c\u0435\u0442\u0438\u0437\u0430\u0446\u0438\u044f (\u0431\u0435\u0437 \u0432\u0441\u043a\u0440\u044b\u0442\u0438\u0435\u043c \u0448\u0432\u043e\u0432)"}}, {"pk": 96, "model": "price.item", "fields": {"price": 205, "subcategory": 23, "unit": " \u043f. \u043c", "name": "\u0412\u0442\u043e\u0440\u0438\u0447\u043d\u0430\u044f \u0433\u0435\u0440\u043c\u0435\u0442\u0438\u0437\u0430\u0446\u0438\u044f (\u0441\u043e \u0432\u0441\u043a\u0440\u044b\u0442\u0438\u0435\u043c \u0448\u0432\u043e\u0432)"}}, {"pk": 41, "model": "price.item", "fields": {"price": 0, "subcategory": 9, "unit": " ", "name": "\u0412\u044b\u0432\u043e\u0437 27-\u043a\u0443\u0431\u043e\u0432\u043e\u0433\u043e \u043a\u043e\u043d\u0442\u0435\u0439\u043d\u0435\u0440\u0430"}}, {"pk": 42, "model": "price.item", "fields": {"price": 0, "subcategory": 9, "unit": " ", "name": "\u0412\u044b\u0432\u043e\u0437 8-\u043a\u0443\u0431\u043e\u0432\u043e\u0433\u043e \u043a\u043e\u043d\u0442\u0435\u0439\u043d\u0435\u0440\u0430"}}, {"pk": 10, "model": "price.item", "fields": {"price": 50, "subcategory": 3, "unit": " \u043a\u0432. \u043c", "name": "\u0413\u0435\u043d\u0435\u0440\u0430\u043b\u044c\u043d\u0430\u044f \u0443\u0431\u043e\u0440\u043a\u0430 \u043a\u0432\u0430\u0440\u0442\u0438\u0440\u044b"}}, {"pk": 6, "model": "price.item", "fields": {"price": 40, "subcategory": 2, "unit": " \u043a\u0432. \u043c", "name": "\u0413\u0435\u043d\u0435\u0440\u0430\u043b\u044c\u043d\u0430\u044f \u0443\u0431\u043e\u0440\u043a\u0430 \u043d\u0430 \u0441\u043a\u043b\u0430\u0434\u0430\u0445"}}, {"pk": 2, "model": "price.item", "fields": {"price": 60, "subcategory": 1, "unit": " \u043a\u0432. \u043c", "name": "\u0413\u0435\u043d\u0435\u0440\u0430\u043b\u044c\u043d\u0430\u044f \u0443\u0431\u043e\u0440\u043a\u0430 \u043e\u0444\u0438\u0441\u0430"}}, {"pk": 99, "model": "price.item", "fields": {"price": 60, "subcategory": 23, "unit": " \u043f. \u043c", "name": "\u0413\u0435\u0440\u043c\u0435\u0442\u0438\u0437\u0430\u0446\u0438\u044f \u0436\u0435\u0441\u0442\u043a\u043e\u0439 \u043a\u0440\u043e\u0432\u043b\u0438"}}, {"pk": 97, "model": "price.item", "fields": {"price": 295, "subcategory": 23, "unit": " \u043f. \u043c", "name": "\u0413\u0435\u0440\u043c\u0435\u0442\u0438\u0437\u0430\u0446\u0438\u044f \u0441\u043e \u0432\u0441\u043a\u0440\u044b\u0442\u0438\u0435\u043c \u0433\u0435\u0440\u043c\u0435\u0442\u0438\u043a\u0430 \u0438 \u0446\u0435\u043c\u0435\u043d\u0442\u043d\u043e\u0433\u043e \u0440\u0430\u0441\u0442\u0432\u043e\u0440\u0430"}}, {"pk": 98, "model": "price.item", "fields": {"price": 80, "subcategory": 23, "unit": " \u043f. \u043c", "name": "\u0413\u0435\u0440\u043c\u0435\u0442\u0438\u0437\u0430\u0446\u0438\u044f \u0441\u0442\u0435\u043a\u043b\u043e\u043f\u0430\u043a\u0435\u0442\u043e\u0432"}}, {"pk": 105, "model": "price.item", "fields": {"price": 90, "subcategory": 26, "unit": " \u043a\u0432. \u043c", "name": "\u0413\u0438\u0434\u0440\u043e\u0444\u043e\u0431\u0438\u0437\u0430\u0446\u0438\u044f \u0431\u0435\u0442\u043e\u043d\u043d\u044b\u0445 \u0441\u0442\u0435\u043d"}}, {"pk": 104, "model": "price.item", "fields": {"price": 100, "subcategory": 26, "unit": " \u043a\u0432. \u043c", "name": "\u0413\u0438\u0434\u0440\u043e\u0444\u043e\u0431\u0438\u0437\u0430\u0446\u0438\u044f \u043a\u0438\u0440\u043f\u0438\u0447\u043d\u044b\u0445 \u0441\u0442\u0435\u043d"}}, {"pk": 106, "model": "price.item", "fields": {"price": 130, "subcategory": 26, "unit": " \u043a\u0432. \u043c", "name": "\u0413\u0438\u0434\u0440\u043e\u0444\u043e\u0431\u0438\u0437\u0430\u0446\u0438\u044f \u043e\u0448\u0442\u0443\u043a\u0430\u0442\u0443\u0440\u0435\u043d\u043d\u044b\u0445 \u0441\u0442\u0435\u043d"}}, {"pk": 60, "model": "price.item", "fields": {"price": 30, "subcategory": 13, "unit": " \u043a\u0432. \u043c", "name": "\u0413\u043b\u0443\u0431\u043e\u043a\u0430\u044f \u0440\u0430\u0437\u043c\u044b\u0432\u043a\u0430 \u0433\u0440\u0430\u043d\u0438\u0442\u0430"}}, {"pk": 69, "model": "price.item", "fields": {"price": 20, "subcategory": 14, "unit": " \u043a\u0432. \u043c", "name": "\u0413\u043b\u0443\u0431\u043e\u043a\u0430\u044f \u0440\u0430\u0437\u043c\u044b\u0432\u043a\u0430 \u043b\u0438\u043d\u043e\u043b\u0435\u0443\u043c\u0430"}}, {"pk": 51, "model": "price.item", "fields": {"price": 30, "subcategory": 12, "unit": " \u043a\u0432. \u043c", "name": "\u0413\u043b\u0443\u0431\u043e\u043a\u0430\u044f \u0440\u0430\u0437\u043c\u044b\u0432\u043a\u0430 \u043c\u0440\u0430\u043c\u043e\u0440\u0430"}}, {"pk": 1, "model": "price.item", "fields": {"price": 60, "subcategory": 1, "unit": " \u043a\u0432. \u043c", "name": "\u0415\u0436\u0435\u0434\u043d\u0435\u0432\u043d\u0430\u044f \u043a\u043e\u043c\u043f\u043b\u0435\u043a\u0441\u043d\u0430\u044f \u0443\u0431\u043e\u0440\u043a\u0430 \u043e\u0444\u0438\u0441\u043d\u044b\u0445 \u043f\u043e\u043c\u0435\u0449\u0435\u043d\u0438\u0439"}}, {"pk": 5, "model": "price.item", "fields": {"price": 20, "subcategory": 2, "unit": " \u043a\u0432. \u043c", "name": "\u0415\u0436\u0435\u0434\u043d\u0435\u0432\u043d\u0430\u044f \u043a\u043e\u043c\u043f\u043b\u0435\u043a\u0441\u043d\u0430\u044f \u0443\u0431\u043e\u0440\u043a\u0430 \u0441\u043a\u043b\u0430\u0434\u0441\u043a\u0438\u0445 \u043f\u043e\u043c\u0435\u0449\u0435\u043d\u0438\u0439"}}, {"pk": 9, "model": "price.item", "fields": {"price": 80, "subcategory": 3, "unit": " \u043a\u0432. \u043c", "name": "\u041a\u043e\u043c\u043f\u043b\u0435\u043a\u0441\u043d\u0430\u044f \u0443\u0431\u043e\u0440\u043a\u0430 \u043a\u0432\u0430\u0440\u0442\u0438\u0440"}}, {"pk": 61, "model": "price.item", "fields": {"price": 350, "subcategory": 13, "unit": " \u043a\u0432. \u043c", "name": "\u041a\u0440\u0438\u0441\u0442\u0430\u043b\u0438\u0437\u0430\u0446\u0438\u044f \u0433\u0440\u0430\u043d\u0438\u0442\u0430"}}, {"pk": 52, "model": "price.item", "fields": {"price": 320, "subcategory": 12, "unit": " \u043a\u0432. \u043c", "name": "\u041a\u0440\u0438\u0441\u0442\u0430\u043b\u0438\u0437\u0430\u0446\u0438\u044f \u043c\u0440\u0430\u043c\u043e\u0440\u0430"}}, {"pk": 40, "model": "price.item", "fields": {"price": 0, "subcategory": 8, "unit": " ", "name": "\u041a\u0440\u043e\u043d\u0438\u0440\u043e\u0432\u0430\u043d\u0438\u0435 \u0434\u0435\u0440\u0435\u0432\u0430"}}, {"pk": 26, "model": "price.item", "fields": {"price": 150, "subcategory": 5, "unit": " \u0448\u0442.", "name": "\u041c\u043e\u0439\u043a\u0430 \u0421\u0412\u0427 \u043f\u0435\u0447\u0438, \u0434\u0443\u0445\u043e\u0432\u043a\u0438"}}, {"pk": 47, "model": "price.item", "fields": {"price": 40, "subcategory": 11, "unit": " \u043a\u0432. \u043c", "name": "\u041c\u043e\u0439\u043a\u0430 \u0432\u0435\u0440\u0442\u0438\u043a\u0430\u043b\u044c\u043d\u044b\u0445 \u0441\u0442\u0435\u043a\u043b"}}, {"pk": 48, "model": "price.item", "fields": {"price": 40, "subcategory": 11, "unit": " \u043a\u0432. \u043c", "name": "\u041c\u043e\u0439\u043a\u0430 \u0433\u043e\u0440\u0438\u0437\u043e\u043d\u0442\u0430\u043b\u044c\u043d\u044b\u0445, \u043d\u0430\u043a\u043b\u043e\u043d\u043d\u044b\u0445 \u0441\u0442\u0435\u043a\u043b"}}, {"pk": 14, "model": "price.item", "fields": {"price": 40, "subcategory": 4, "unit": " \u0448\u0442.", "name": "\u041c\u043e\u0439\u043a\u0430 \u0437\u0435\u0440\u043a\u0430\u043b"}}, {"pk": 16, "model": "price.item", "fields": {"price": 300, "subcategory": 4, "unit": " \u0448\u0442.", "name": "\u041c\u043e\u0439\u043a\u0430 \u043b\u044e\u0441\u0442\u0440\u044b"}}, {"pk": 44, "model": "price.item", "fields": {"price": 30, "subcategory": 10, "unit": " \u043a\u0432. \u043c", "name": "\u041c\u043e\u0439\u043a\u0430 \u043e\u043a\u043e\u043d"}}, {"pk": 27, "model": "price.item", "fields": {"price": 70, "subcategory": 5, "unit": " \u043a\u043e\u043c\u043f\u043b.", "name": "\u041c\u043e\u0439\u043a\u0430 \u043f\u043e\u0441\u0443\u0434\u044b"}}, {"pk": 18, "model": "price.item", "fields": {"price": 100, "subcategory": 4, "unit": " \u0448\u0442.", "name": "\u041c\u043e\u0439\u043a\u0430 \u0441\u0432\u0435\u0442\u0438\u043b\u044c\u043d\u0438\u043a\u043e\u0432 \u0438 \u0431\u0440\u0430"}}, {"pk": 50, "model": "price.item", "fields": {"price": 50, "subcategory": 11, "unit": " \u043a\u0432. \u043c", "name": "\u041c\u043e\u0439\u043a\u0430 \u0441\u0438\u043b\u044c\u043d\u043e\u0437\u0430\u0433\u0437\u044f\u0437\u043d\u0435\u043d\u043d\u044b\u0445 \u0441\u0442\u0435\u043a\u043b"}}, {"pk": 49, "model": "price.item", "fields": {"price": 55, "subcategory": 11, "unit": " \u043a\u0432. \u043c", "name": "\u041c\u043e\u0439\u043a\u0430 \u0442\u0440\u0443\u0434\u043d\u043e\u0434\u043e\u0441\u0442\u0443\u043f\u043d\u044b\u0445 \u0441\u0442\u0435\u043a\u043b"}}, {"pk": 93, "model": "price.item", "fields": {"price": 40, "subcategory": 22, "unit": " \u043a\u0432. \u043c", "name": "\u041c\u043e\u0439\u043a\u0430 \u0444\u0430\u0441\u0430\u0434\u043e\u0432"}}, {"pk": 17, "model": "price.item", "fields": {"price": 450, "subcategory": 4, "unit": " \u0448\u0442.", "name": "\u041c\u043e\u0439\u043a\u0430 \u0445\u0440\u0443\u0441\u0442\u0430\u043b\u044c\u043d\u043e\u0439 \u043b\u044e\u0441\u0442\u0440\u044b"}}, {"pk": 30, "model": "price.item", "fields": {"price": 150, "subcategory": 5, "unit": " \u043a\u0432. \u043c", "name": "\u041c\u044b\u0442\u044c\u0435 \u043a\u0443\u0445\u043e\u043d\u043d\u044b\u0439 \u0433\u0430\u0440\u043d\u0438\u0442\u0443\u0440"}}, {"pk": 32, "model": "price.item", "fields": {"price": 800, "subcategory": 6, "unit": " \u0448\u0442.", "name": "\u041c\u044b\u0442\u044c\u0435 \u0441\u0430\u043d\u0442\u0435\u0445\u043d\u0438\u043a\u0438(\u0432\u0430\u043d\u043d\u0430, \u0440\u0430\u043a\u043e\u0432\u0438\u043d\u0430, \u0443\u043d\u0438\u0442\u0430\u0437)"}}, {"pk": 45, "model": "price.item", "fields": {"price": 250, "subcategory": 10, "unit": " \u0448\u0442.", "name": "\u041c\u044b\u0442\u044c\u0435 \u0441\u0442\u0430\u043d\u0434\u0430\u0440\u0442\u043d\u043e\u0433\u043e \u0434\u0432\u0443\u0441\u0442\u0432\u043e\u0440\u0447\u0430\u0442\u043e\u0433\u043e \u043e\u043a\u043d\u0430"}}, {"pk": 46, "model": "price.item", "fields": {"price": 300, "subcategory": 10, "unit": " \u0448\u0442.", "name": "\u041c\u044b\u0442\u044c\u0435 \u0441\u0442\u0430\u043d\u0434\u0430\u0440\u0442\u043d\u043e\u0433\u043e \u0442\u0440\u0435\u0445\u0441\u0442\u0432\u043e\u0440\u0447\u0430\u0442\u043e\u0433\u043e \u043e\u043a\u043d\u0430"}}, {"pk": 29, "model": "price.item", "fields": {"price": 50, "subcategory": 5, "unit": " \u0448\u0442.", "name": "\u041c\u044b\u0442\u044c\u0435 \u0441\u0442\u043e\u043b\u043e\u0432"}}, {"pk": 66, "model": "price.item", "fields": {"price": 80, "subcategory": 13, "unit": " \u043a\u0432. \u043c", "name": "\u041d\u0430\u043d\u0435\u0441\u0435\u043d\u0438\u0435 \u043f\u043e\u043b\u0438\u043c\u0435\u0440\u043d\u043e\u0433\u043e \u0437\u0430\u0449\u0438\u0442\u043d\u043e\u0433\u043e \u043f\u043e\u043a\u0440\u044b\u0442\u0438\u044f"}}, {"pk": 57, "model": "price.item", "fields": {"price": 80, "subcategory": 12, "unit": " \u043a\u0432. \u043c", "name": "\u041d\u0430\u043d\u0435\u0441\u0435\u043d\u0438\u0435 \u043f\u043e\u043b\u0438\u043c\u0435\u0440\u043d\u043e\u0433\u043e \u0437\u0430\u0449\u0438\u0442\u043d\u043e\u0433\u043e \u043f\u043e\u043a\u0440\u044b\u0442\u0438\u044f \u043d\u0430 \u043c\u0440\u0430\u043c\u043e\u0440\u043d\u044b\u0439 \u043f\u043e\u043b"}}, {"pk": 70, "model": "price.item", "fields": {"price": 35, "subcategory": 14, "unit": " \u043a\u0432. \u043c", "name": "\u041d\u0430\u043d\u0435\u0441\u0435\u043d\u0438\u0435 \u043f\u043e\u043b\u0438\u0440\u043e\u043b\u0438 \u043d\u0430 \u043b\u0438\u043d\u043e\u043b\u0435\u0443\u043c"}}, {"pk": 103, "model": "price.item", "fields": {"price": 140, "subcategory": 25, "unit": " \u043a\u0432. \u043c", "name": "\u041e\u043a\u0440\u0430\u0441\u043a\u0430 \u043b\u0435\u043f\u043d\u0438\u043d\u044b"}}, {"pk": 85, "model": "price.item", "fields": {"price": 35, "subcategory": 18, "unit": " \u043f. \u043c", "name": "\u041e\u0447\u0438\u0441\u0442\u043a\u0430 '1.5 \u043c \u043e\u0442 \u043a\u0440\u0430\u044f' \u043f\u043e \u043f\u0435\u0440\u0438\u043c\u0435\u0442\u0440\u0443 \u043a\u0440\u043e\u0432\u043b\u0438"}}, {"pk": 87, "model": "price.item", "fields": {"price": 40, "subcategory": 19, "unit": " \u043f. \u043c", "name": "\u041e\u0447\u0438\u0441\u0442\u043a\u0430 '1.5 \u043c \u043e\u0442 \u043a\u0440\u0430\u044f' \u043f\u043e \u043f\u0435\u0440\u0438\u043c\u0435\u0442\u0440\u0443 \u043a\u0440\u043e\u0432\u043b\u0438"}}, {"pk": 89, "model": "price.item", "fields": {"price": 120, "subcategory": 20, "unit": " \u043f. \u043c", "name": "\u041e\u0447\u0438\u0441\u0442\u043a\u0430 '1.5 \u043c \u043e\u0442 \u043a\u0440\u0430\u044f' \u043f\u043e \u043f\u0435\u0440\u0438\u043c\u0435\u0442\u0440\u0443 \u043a\u0440\u043e\u0432\u043b\u0438"}}, {"pk": 91, "model": "price.item", "fields": {"price": 150, "subcategory": 21, "unit": " \u043f. \u043c", "name": "\u041e\u0447\u0438\u0441\u0442\u043a\u0430 '1.5 \u043c \u043e\u0442 \u043a\u0440\u0430\u044f' \u043f\u043e \u043f\u0435\u0440\u0438\u043c\u0435\u0442\u0440\u0443 \u043a\u0440\u043e\u0432\u043b\u0438"}}, {"pk": 84, "model": "price.item", "fields": {"price": 25, "subcategory": 18, "unit": " \u043a\u0432. \u043c", "name": "\u041e\u0447\u0438\u0441\u0442\u043a\u0430 \u0432\u0441\u0435\u0439 \u043f\u043b\u043e\u0449\u0430\u0434\u0438 \u043a\u0440\u043e\u0432\u043b\u0438"}}, {"pk": 86, "model": "price.item", "fields": {"price": 35, "subcategory": 19, "unit": " \u043a\u0432. \u043c", "name": "\u041e\u0447\u0438\u0441\u0442\u043a\u0430 \u0432\u0441\u0435\u0439 \u043f\u043b\u043e\u0449\u0430\u0434\u0438 \u043a\u0440\u043e\u0432\u043b\u0438"}}, {"pk": 88, "model": "price.item", "fields": {"price": 80, "subcategory": 20, "unit": " \u043a\u0432. \u043c", "name": "\u041e\u0447\u0438\u0441\u0442\u043a\u0430 \u0432\u0441\u0435\u0439 \u043f\u043b\u043e\u0449\u0430\u0434\u0438 \u043a\u0440\u043e\u0432\u043b\u0438"}}, {"pk": 90, "model": "price.item", "fields": {"price": 100, "subcategory": 21, "unit": " \u043a\u0432. \u043c", "name": "\u041e\u0447\u0438\u0441\u0442\u043a\u0430 \u0432\u0441\u0435\u0439 \u043f\u043b\u043e\u0449\u0430\u0434\u0438 \u043a\u0440\u043e\u0432\u043b\u0438"}}, {"pk": 107, "model": "price.item", "fields": {"price": 90, "subcategory": 27, "unit": " \u043a\u0432. \u043c", "name": "\u041e\u0447\u0438\u0441\u0442\u043a\u0430 \u0432\u044b\u0441\u043e\u043b\u043e\u0432 \u043d\u0430 \u043a\u0438\u0440\u043f\u0438\u0447\u043d\u043e\u0439 \u043a\u043b\u0430\u0434\u043a\u0435"}}, {"pk": 109, "model": "price.item", "fields": {"price": 300, "subcategory": 27, "unit": " \u043a\u0432. \u043c", "name": "\u041e\u0447\u0438\u0441\u0442\u043a\u0430 \u043c\u0440\u0430\u043c\u043e\u0440\u043d\u044b\u0445, \u0433\u0440\u0430\u043d\u0438\u0442\u043d\u044b\u0445 \u0438 \u0442.\u043f. \u043f\u043e\u043a\u0440\u044b\u0442\u0438\u0439"}}, {"pk": 101, "model": "price.item", "fields": {"price": 40, "subcategory": 25, "unit": " \u043a\u0432. \u043c", "name": "\u041e\u0447\u0438\u0441\u0442\u043a\u0430 \u043e\u0431\u043b\u0443\u043f\u0438\u0432\u0448\u0435\u0439\u0441\u044f \u043a\u0440\u0430\u0441\u043a\u0438"}}, {"pk": 92, "model": "price.item", "fields": {"price": 10, "subcategory": 21, "unit": " \u043a\u0432. \u043c", "name": "\u041e\u0447\u0438\u0441\u0442\u043a\u0430 \u0442\u0440\u043e\u0442\u0443\u0430\u0440\u0430 \u043e\u0442 \u0441\u0431\u0440\u043e\u0448\u0435\u043d\u043d\u043e\u0433\u043e \u0441\u043d\u0435\u0433\u043e \u0438 \u043b\u044c\u0434\u0430"}}, {"pk": 108, "model": "price.item", "fields": {"price": 130, "subcategory": 27, "unit": " \u043a\u0432. \u043c", "name": "\u041e\u0447\u0438\u0441\u0442\u043a\u0430 \u0446\u0435\u043c\u0435\u043d\u0442\u043d\u043e-\u043f\u0435\u0441\u0447\u0430\u043d\u044b\u0445 \u0437\u0430\u0433\u0440\u044f\u0437\u043d\u0435\u043d\u0438\u0439 \u043d\u0430 \u043a\u0438\u0440\u043f\u0438\u0447\u043d\u043e\u0439 \u043a\u043b\u0430\u0434\u043a\u0435"}}, {"pk": 94, "model": "price.item", "fields": {"price": 145, "subcategory": 23, "unit": " \u043f. \u043c", "name": "\u041f\u0435\u0440\u0432\u0438\u0447\u043d\u0430\u044f \u0433\u0435\u0440\u043c\u0435\u0442\u0438\u0437\u0430\u0446\u0438\u044f"}}, {"pk": 43, "model": "price.item", "fields": {"price": 0, "subcategory": 9, "unit": " ", "name": "\u041f\u043e\u0433\u0440\u0443\u0437\u043a\u0430 \u043a\u043e\u043d\u0442\u0435\u0439\u043d\u0435\u0440\u0430"}}, {"pk": 63, "model": "price.item", "fields": {"price": 400, "subcategory": 13, "unit": " \u043a\u0432. \u043c", "name": "\u041f\u043e\u043b\u0438\u0440\u043e\u0432\u043a\u0430 \u0433\u0440\u0430\u043d\u0438\u0442\u0430"}}, {"pk": 71, "model": "price.item", "fields": {"price": 30, "subcategory": 14, "unit": " \u043a\u0432. \u043c", "name": "\u041f\u043e\u043b\u0438\u0440\u043e\u0432\u043a\u0430 \u043b\u0438\u043d\u043e\u043b\u0435\u0443\u043c\u0430"}}, {"pk": 54, "model": "price.item", "fields": {"price": 210, "subcategory": 12, "unit": " \u043a\u0432. \u043c", "name": "\u041f\u043e\u043b\u0438\u0440\u043e\u0432\u043a\u0430 \u043c\u0440\u0430\u043c\u043e\u0440\u0430"}}, {"pk": 72, "model": "price.item", "fields": {"price": 50, "subcategory": 15, "unit": " \u043a\u0432. \u043c", "name": "\u041f\u043e\u043b\u0438\u0440\u043e\u0432\u043a\u0430 \u043f\u0430\u0440\u043a\u0435\u0442\u0430"}}, {"pk": 7, "model": "price.item", "fields": {"price": 60, "subcategory": 2, "unit": " \u043a\u0432. \u043c", "name": "\u041f\u043e\u0441\u043b\u0435\u0440\u0435\u043c\u043e\u043d\u0442\u043d\u0430\u044f \u0443\u0431\u043e\u0440\u043a\u0430 \u043d\u0430 \u0441\u043a\u043b\u0430\u0434\u0430\u0445"}}, {"pk": 3, "model": "price.item", "fields": {"price": 75, "subcategory": 1, "unit": " \u043a\u0432. \u043c", "name": "\u041f\u043e\u0441\u043b\u0435\u0440\u0435\u043c\u043e\u043d\u0442\u043d\u0430\u044f \u0443\u0431\u043e\u0440\u043a\u0430 \u043e\u0444\u0438\u0441\u0430"}}, {"pk": 8, "model": "price.item", "fields": {"price": 65, "subcategory": 2, "unit": " \u043a\u0432. \u043c", "name": "\u041f\u043e\u0441\u043b\u0435\u0441\u0442\u0440\u043e\u0438\u0442\u0435\u043b\u044c\u043d\u0430\u044f \u0443\u0431\u043e\u0440\u043a\u0430 \u043d\u0430 \u0441\u043a\u043b\u0430\u0434\u0430\u0445"}}, {"pk": 4, "model": "price.item", "fields": {"price": 90, "subcategory": 1, "unit": " \u043a\u0432. \u043c", "name": "\u041f\u043e\u0441\u043b\u0435\u0441\u0442\u0440\u043e\u0438\u0442\u0435\u043b\u044c\u043d\u0430\u044f \u0443\u0431\u043e\u0440\u043a\u0430 \u043e\u0444\u0438\u0441\u0430"}}, {"pk": 112, "model": "price.item", "fields": {"price": 280, "subcategory": 28, "unit": " \u0448\u0442.", "name": "\u0420\u0430\u0437\u043c\u0435\u0440 \u043f\u043e\u043a\u0440\u044b\u0442\u0438\u044f 115\u0445200"}}, {"pk": 113, "model": "price.item", "fields": {"price": 345, "subcategory": 28, "unit": " \u0448\u0442.", "name": "\u0420\u0430\u0437\u043c\u0435\u0440 \u043f\u043e\u043a\u0440\u044b\u0442\u0438\u044f 115\u0445240"}}, {"pk": 115, "model": "price.item", "fields": {"price": 625, "subcategory": 28, "unit": " \u0448\u0442.", "name": "\u0420\u0430\u0437\u043c\u0435\u0440 \u043f\u043e\u043a\u0440\u044b\u0442\u0438\u044f 115\u0445400"}}, {"pk": 114, "model": "price.item", "fields": {"price": 354, "subcategory": 28, "unit": " \u0448\u0442.", "name": "\u0420\u0430\u0437\u043c\u0435\u0440 \u043f\u043e\u043a\u0440\u044b\u0442\u0438\u044f 150\u0445240"}}, {"pk": 116, "model": "price.item", "fields": {"price": 365, "subcategory": 28, "unit": " \u0448\u0442.", "name": "\u0420\u0430\u0437\u043c\u0435\u0440 \u043f\u043e\u043a\u0440\u044b\u0442\u0438\u044f 150\u0445250"}}, {"pk": 117, "model": "price.item", "fields": {"price": 695, "subcategory": 28, "unit": " \u0448\u0442.", "name": "\u0420\u0430\u0437\u043c\u0435\u0440 \u043f\u043e\u043a\u0440\u044b\u0442\u0438\u044f 150\u0445300"}}, {"pk": 118, "model": "price.item", "fields": {"price": 1400, "subcategory": 28, "unit": " \u0448\u0442.", "name": "\u0420\u0430\u0437\u043c\u0435\u0440 \u043f\u043e\u043a\u0440\u044b\u0442\u0438\u044f 150\u0445600"}}, {"pk": 110, "model": "price.item", "fields": {"price": 185, "subcategory": 28, "unit": " \u0448\u0442.", "name": "\u0420\u0430\u0437\u043c\u0435\u0440 \u043f\u043e\u043a\u0440\u044b\u0442\u0438\u044f 60\u044585"}}, {"pk": 111, "model": "price.item", "fields": {"price": 220, "subcategory": 28, "unit": " \u0448\u0442.", "name": "\u0420\u0430\u0437\u043c\u0435\u0440 \u043f\u043e\u043a\u0440\u044b\u0442\u0438\u044f 85\u0445150"}}, {"pk": 119, "model": "price.item", "fields": {"price": 355, "subcategory": 28, "unit": " \u0448\u0442.", "name": "\u0420\u0430\u0437\u043c\u0435\u0440 \u043f\u043e\u043a\u0440\u044b\u0442\u0438\u044f 85\u0445300"}}, {"pk": 24, "model": "price.item", "fields": {"price": 400, "subcategory": 5, "unit": " \u0448\u0442.", "name": "\u0420\u0430\u0437\u043c\u043e\u0440\u0430\u0436\u0438\u0432\u0430\u043d\u0438\u0435 \u0438 \u043c\u044b\u0442\u044c\u0435 \u0445\u043e\u043b\u043e\u0434\u0438\u043b\u044c\u043d\u0438\u043a\u0430"}}, {"pk": 39, "model": "price.item", "fields": {"price": 0, "subcategory": 8, "unit": " ", "name": "\u0420\u0430\u0441\u043f\u0438\u043b \u0434\u0435\u0440\u0435\u0432\u0430 \u043d\u0430 \u0447\u0430\u0441\u0442\u0438"}}, {"pk": 100, "model": "price.item", "fields": {"price": 50, "subcategory": 24, "unit": " \u043a\u0432. \u043c", "name": "\u0420\u0435\u043c\u043e\u043d\u0442 \u0442\u0440\u0435\u0449\u0438\u043d (\u0432\u044b\u0447\u0438\u043d\u043a\u0430 \u0438 \u0448\u0442\u0443\u043a\u0430\u0442\u0443\u0440\u043a\u0430)"}}, {"pk": 59, "model": "price.item", "fields": {"price": 120, "subcategory": 12, "unit": " \u043a\u0432. \u043c", "name": "\u0420\u0435\u0441\u0442\u0430\u0432\u0440\u0430\u0446\u0438\u044f, \u0440\u0435\u043c\u043e\u043d\u0442 \u043c\u0435\u0436\u043f\u043b\u0438\u0442\u043e\u0447\u043d\u044b\u0445 \u0448\u0432\u043e\u0432"}}, {"pk": 68, "model": "price.item", "fields": {"price": 120, "subcategory": 13, "unit": " \u043a\u0432. \u043c", "name": "\u0420\u0435\u0441\u0442\u0430\u0432\u0440\u0430\u0446\u0438\u044f, \u0440\u0435\u043c\u043e\u043d\u0442 \u043c\u0435\u0436\u043f\u043b\u0438\u0442\u043e\u0447\u043d\u044b\u0445 \u0448\u0432\u043e\u0432"}}, {"pk": 102, "model": "price.item", "fields": {"price": 55, "subcategory": 25, "unit": " \u043a\u0432. \u043c", "name": "\u0421\u043f\u043b\u043e\u0448\u043d\u0430\u044f \u043e\u043a\u0440\u0430\u0441\u043a\u0430 (\u043d\u0430 \u043e\u0434\u0438\u043d \u0441\u043b\u043e\u0439)"}}, {"pk": 12, "model": "price.item", "fields": {"price": 90, "subcategory": 3, "unit": " \u043a\u0432. \u043c", "name": "\u0423\u0431\u043e\u0440\u043a\u0430 \u043a \u0432\u0430\u0440\u0442\u0438\u0440\u0435 \u043f\u043e\u0441\u043b\u0435 \u0440\u0435\u043c\u043e\u043d\u0442\u0430"}}, {"pk": 13, "model": "price.item", "fields": {"price": 350, "subcategory": 3, "unit": " \u043a\u0432. \u043c", "name": "\u0423\u0431\u043e\u0440\u043a\u0430 \u043a\u0432\u0430\u0440\u0442\u0438\u0440\u0435(\u043a\u043e\u0442\u0442\u0435\u0434\u0436\u0435) \u043f\u043e\u0441\u043b\u0435 \u043f\u043e\u0436\u0430\u0440\u0430"}}, {"pk": 11, "model": "price.item", "fields": {"price": 75, "subcategory": 3, "unit": " \u043a\u0432. \u043c", "name": "\u0423\u0431\u043e\u0440\u043a\u0430 \u043f\u043e\u0441\u043b\u0435 \u0441\u0442\u0440\u043e\u0438\u0442\u0435\u043b\u044c\u0441\u0442\u0432\u0430 \u043a\u043e\u0442\u0442\u0435\u0434\u0436\u0430"}}, {"pk": 35, "model": "price.item", "fields": {"price": 15, "subcategory": 7, "unit": " \u043a\u0432. \u043c", "name": "\u0423\u0431\u043e\u0440\u043a\u0430 \u043f\u0440\u0438\u043b\u0435\u0433\u0430\u044e\u0449\u0435\u0439 \u0442\u0435\u0440\u0440\u0438\u0442\u043e\u0440\u0438\u0438 \u0437\u0438\u043c\u043e\u0439"}}, {"pk": 34, "model": "price.item", "fields": {"price": 30, "subcategory": 7, "unit": " \u043a\u0432. \u043c", "name": "\u0423\u0431\u043e\u0440\u043a\u0430 \u043f\u0440\u0438\u043b\u0435\u0433\u0430\u044e\u0449\u0435\u0439 \u0442\u0435\u0440\u0440\u0438\u0442\u043e\u0440\u0438\u0438 \u043b\u0435\u0442\u043e\u043c"}}, {"pk": 21, "model": "price.item", "fields": {"price": 0, "subcategory": 4, "unit": " \u043a\u0432. \u043c", "name": "\u0423\u0434\u0430\u043b\u0435\u043d\u0438\u0435 \u0433\u0440\u0430\u0444\u0438\u0442\u0438"}}, {"pk": 36, "model": "price.item", "fields": {"price": 0, "subcategory": 8, "unit": " ", "name": "\u0423\u0434\u0430\u043b\u0435\u043d\u0438\u0435 \u0434\u0435\u0440\u0435\u0432\u0430 \u0432\u0434\u0430\u043b\u0438 \u043e\u0442 \u0441\u0442\u0440\u043e\u0435\u043d\u0438\u0439 (\u0432\u0430\u043b\u043a\u0430)"}}, {"pk": 38, "model": "price.item", "fields": {"price": 0, "subcategory": 8, "unit": " ", "name": "\u0423\u0434\u0430\u043b\u0435\u043d\u0438\u0435 \u0434\u0435\u0440\u0435\u0432\u0430 \u043f\u043e \u0447\u0430\u0441\u0442\u044f\u043c \u0431\u0435\u0437 \u0432\u043e\u0437\u043c\u043e\u0436\u043d\u043e\u0441\u0442\u0438 \u0441\u0431\u0440\u043e\u0441\u0430 \u043a\u0443\u0441\u043a\u043e\u0432 \u043d\u0430 \u0437\u0435\u043c\u043b\u044e"}}, {"pk": 37, "model": "price.item", "fields": {"price": 0, "subcategory": 8, "unit": " ", "name": "\u0423\u0434\u0430\u043b\u0435\u043d\u0438\u0435 \u0434\u0435\u0440\u0435\u0432\u0435 \u0446\u0435\u043b\u0438\u043a\u043e\u043c \u0441 \u043e\u043f\u0440\u0435\u0434\u0435\u043b\u0435\u043d\u0438\u0435\u043c \u043d\u0430\u043f\u0440\u0430\u0432\u043b\u0435\u043d\u0438\u044f \u043f\u0430\u0434\u0435\u043d\u0438\u044f"}}, {"pk": 20, "model": "price.item", "fields": {"price": 0, "subcategory": 4, "unit": " \u043a\u0432. \u043c", "name": "\u0423\u0434\u0430\u043b\u0435\u043d\u0438\u0435 \u043f\u043b\u0435\u0441\u0435\u043d\u0438"}}, {"pk": 58, "model": "price.item", "fields": {"price": 20, "subcategory": 12, "unit": " \u043a\u0432. \u043c", "name": "\u0425\u0438\u043c\u0438\u0447\u0435\u0441\u043a\u0430\u044f \u0447\u0438\u0441\u0442\u043a\u0430 \u0442\u0432\u0435\u0440\u0434\u043e\u0433\u043e \u043f\u043e\u043b\u0430 (\u0441\u0442\u0440\u0438\u043f\u043f\u0438\u043d\u0433)"}}, {"pk": 67, "model": "price.item", "fields": {"price": 20, "subcategory": 13, "unit": " \u043a\u0432. \u043c", "name": "\u0425\u0438\u043c\u0438\u0447\u0435\u0441\u043a\u0430\u044f \u0447\u0438\u0441\u0442\u043a\u0430 \u0442\u0432\u0435\u0440\u0434\u043e\u0433\u043e \u043f\u043e\u043b\u0430 (\u0441\u0442\u0440\u0438\u043f\u043f\u0438\u043d\u0433)"}}, {"pk": 77, "model": "price.item", "fields": {"price": 1350, "subcategory": 16, "unit": " \u0448\u0442.", "name": "\u0425\u0438\u043c\u0447\u0438\u0441\u0442\u043a\u0430 3-\u043c\u0435\u0441\u0442\u043d\u043e\u0433\u043e \u0434\u0438\u0432\u0430\u043d\u0430"}}, {"pk": 82, "model": "price.item", "fields": {"price": 350, "subcategory": 17, "unit": " \u043a\u0432. \u043c", "name": "\u0425\u0438\u043c\u0447\u0438\u0441\u0442\u043a\u0430 \u0432\u0438\u0441\u043a\u043e\u0437\u044b"}}, {"pk": 81, "model": "price.item", "fields": {"price": 450, "subcategory": 17, "unit": " \u043a\u0432. \u043c", "name": "\u0425\u0438\u043c\u0447\u0438\u0441\u0442\u043a\u0430 \u043a\u043e\u0432\u0440\u043e\u0432 \u044d\u043a\u0441\u043a\u043b\u044e\u0437\u0438\u0432\u043d\u044b\u0445, \u0434\u0438\u0437\u0430\u0439\u043d\u0435\u0440\u0441\u043a\u0438\u0445, \u0448\u0435\u043b\u043a\u043e\u0432\u044b\u0445 \u0440\u0443\u0447\u043d\u043e\u0439 \u0440\u0430\u0431\u043e\u0442\u044b \u0438 \u0434\u0435\u043a\u043e\u0440\u0430\u0442\u0438\u0432\u043d\u044b\u0445 \u0438\u0437\u0434\u0435\u043b\u0438\u0439 \u0438\u0437 \u043c\u0435\u0445\u043e\u0432\u044b\u0445 \u043f\u043b\u0430\u0441\u0442\u0438\u043d"}}, {"pk": 83, "model": "price.item", "fields": {"price": 40, "subcategory": 17, "unit": " \u043a\u0432. \u043c", "name": "\u0425\u0438\u043c\u0447\u0438\u0441\u0442\u043a\u0430 \u043a\u043e\u0432\u0440\u043e\u0432\u044b\u0445 \u043f\u043e\u043a\u0440\u044b\u0442\u0438\u0439, \u043a\u043e\u0432\u0440\u043e\u043b\u0438\u043d\u0430"}}, {"pk": 75, "model": "price.item", "fields": {"price": 400, "subcategory": 16, "unit": " \u0448\u0442.", "name": "\u0425\u0438\u043c\u0447\u0438\u0441\u0442\u043a\u0430 \u043a\u0440\u0435\u0441\u043b\u0430"}}, {"pk": 74, "model": "price.item", "fields": {"price": 200, "subcategory": 16, "unit": " \u0448\u0442.", "name": "\u0425\u0438\u043c\u0447\u0438\u0441\u0442\u043a\u0430 \u043f\u0443\u0444\u0430"}}, {"pk": 79, "model": "price.item", "fields": {"price": 200, "subcategory": 17, "unit": " \u043a\u0432. \u043c", "name": "\u0425\u0438\u043c\u0447\u0438\u0441\u0442\u043a\u0430 \u0441\u0438\u043d\u0442\u0435\u0442\u0438\u0447\u0435\u0441\u043a\u0438\u0445, \u043f\u043e\u043b\u0443\u0448\u0435\u0440\u0441\u0442\u044f\u043d\u044b\u0445, \u0448\u0435\u0440\u0441\u0442\u044f\u043d\u044b\u0445 \u043a\u043e\u0432\u0440\u043e\u0432 (\u043d\u0438\u0437\u043a\u0438\u0439 \u0432\u043e\u0440\u0441)"}}, {"pk": 80, "model": "price.item", "fields": {"price": 350, "subcategory": 17, "unit": " \u043a\u0432. \u043c", "name": "\u0425\u0438\u043c\u0447\u0438\u0441\u0442\u043a\u0430 \u0441\u0438\u043d\u0442\u0435\u0442\u0438\u0447\u0435\u0441\u043a\u0438\u0445, \u0448\u0435\u0440\u0441\u0442\u044f\u043d\u044b\u0445 \u043a\u043e\u0432\u0440\u043e\u0432 (\u0432\u044b\u0441\u043e\u043a\u0438\u0439 \u0432\u043e\u0440\u0441)"}}, {"pk": 73, "model": "price.item", "fields": {"price": 100, "subcategory": 16, "unit": " \u0448\u0442.", "name": "\u0425\u0438\u043c\u0447\u0438\u0441\u0442\u043a\u0430 \u0441\u0442\u0443\u043b\u044c\u0435\u0432"}}, {"pk": 78, "model": "price.item", "fields": {"price": 2200, "subcategory": 16, "unit": " \u0448\u0442.", "name": "\u0425\u0438\u043c\u0447\u0438\u0441\u0442\u043a\u0430 \u0443\u0433\u043b\u043e\u0432\u043e\u0433\u043e \u0434\u0438\u0432\u0430\u043d\u0430"}}, {"pk": 76, "model": "price.item", "fields": {"price": 900, "subcategory": 16, "unit": " \u0448\u0442.", "name": "\u0425\u0438\u043c\u0447\u0438\u0441\u0442\u043a\u043a\u0430 2-\u043c\u0435\u0441\u0442\u043d\u043e\u0433\u043e \u0434\u0438\u0432\u0430\u043d\u0430"}}, {"pk": 23, "model": "price.item", "fields": {"price": 0, "subcategory": 4, "unit": " \u043a\u0432. \u043c", "name": "\u0427\u0438\u0441\u0442\u043a\u0430 \u0431\u0430\u0441\u0441\u0435\u0439\u043d\u0430"}}, {"pk": 19, "model": "price.item", "fields": {"price": 50, "subcategory": 4, "unit": " \u0448\u0442.", "name": "\u0427\u0438\u0441\u0442\u043a\u0430 \u0431\u0430\u0442\u0430\u0440\u0435\u0438"}}, {"pk": 22, "model": "price.item", "fields": {"price": 2500, "subcategory": 4, "unit": " \u0448\u0442.", "name": "\u0427\u0438\u0441\u0442\u043a\u0430 \u0431\u0438\u043b\u044c\u044f\u0440\u0434\u043d\u044b\u0445 \u0441\u0442\u043e\u043b\u043e\u0432"}}, {"pk": 15, "model": "price.item", "fields": {"price": 100, "subcategory": 4, "unit": " \u043a\u0432. \u043c", "name": "\u0427\u0438\u0441\u0442\u043a\u0430 \u0436\u0430\u043b\u044e\u0437\u0438"}}, {"pk": 33, "model": "price.item", "fields": {"price": 15, "subcategory": 6, "unit": " \u043a\u0432. \u043c", "name": "\u0427\u0438\u0441\u0442\u043a\u0430 \u0438 \u043c\u044b\u0442\u044c\u0435 \u0434\u0436\u0430\u043a\u0443\u0437\u0438"}}, {"pk": 25, "model": "price.item", "fields": {"price": 200, "subcategory": 5, "unit": " \u0448\u0442.", "name": "\u0427\u0438\u0441\u0442\u043a\u0430 \u0438 \u043c\u044b\u0442\u044c\u0435 \u043f\u043b\u0438\u0442\u044b"}}, {"pk": 28, "model": "price.item", "fields": {"price": 15, "subcategory": 5, "unit": " \u043a\u0432. \u043c", "name": "\u0427\u0438\u0441\u0442\u043a\u0430 \u043a\u0430\u0444\u0435\u043b\u044c\u043d\u043e\u0439 \u043f\u043b\u0438\u0442\u043a\u0438 \u043e\u0442 \u0441\u043b\u043e\u0436\u043d\u044b\u0445 \u0437\u0430\u0433\u0440\u044f\u0437\u043d\u0435\u043d\u0438\u0439"}}, {"pk": 31, "model": "price.item", "fields": {"price": 15, "subcategory": 5, "unit": " \u043a\u0432. \u043c", "name": "\u0427\u0438\u0441\u0442\u043a\u0430 \u0442\u0432\u0435\u0440\u0434\u044b\u0445 \u043f\u043e\u043b\u043e\u0432 \u043c\u0435\u0445\u0430\u043d\u0438\u0447\u0435\u0441\u043a\u0438\u043c \u0441\u043f\u043e\u0441\u043e\u0431\u043e\u043c."}}, {"pk": 62, "model": "price.item", "fields": {"price": 700, "subcategory": 13, "unit": " \u043a\u0432. \u043c", "name": "\u0428\u043b\u0438\u0444\u043e\u0432\u043a\u0430 \u0433\u0440\u0430\u043d\u0438\u0442\u0430"}}, {"pk": 64, "model": "price.item", "fields": {"price": 900, "subcategory": 13, "unit": " \u043a\u0432. \u043c", "name": "\u0428\u043b\u0438\u0444\u043e\u0432\u043a\u0430 \u0438 \u043f\u043e\u043b\u0438\u0440\u043e\u0432\u043a\u0430 \u0433\u0440\u0430\u043d\u0438\u0442\u0430 (\u043f\u043e\u043b)"}}, {"pk": 65, "model": "price.item", "fields": {"price": 1100, "subcategory": 13, "unit": " \u043a\u0432. \u043c", "name": "\u0428\u043b\u0438\u0444\u043e\u0432\u043a\u0430 \u0438 \u043f\u043e\u043b\u0438\u0440\u043e\u0432\u043a\u0430 \u0433\u0440\u0430\u043d\u0438\u0442\u0430 (\u0441\u0442\u0443\u043f\u0435\u043d\u044c\u043a\u0438)"}}, {"pk": 55, "model": "price.item", "fields": {"price": 500, "subcategory": 12, "unit": " \u043a\u0432. \u043c", "name": "\u0428\u043b\u0438\u0444\u043e\u0432\u043a\u0430 \u0438 \u043f\u043e\u043b\u0438\u0440\u043e\u0432\u043a\u0430 \u043c\u0440\u0430\u043c\u043e\u0440\u0430 (\u043f\u043e\u043b)"}}, {"pk": 56, "model": "price.item", "fields": {"price": 900, "subcategory": 12, "unit": " \u043a\u0432. \u043c", "name": "\u0428\u043b\u0438\u0444\u043e\u0432\u043a\u0430 \u0438 \u043f\u043e\u043b\u0438\u0440\u043e\u0432\u043a\u0430 \u043c\u0440\u0430\u043c\u043e\u0440\u0430 (\u0441\u0442\u0443\u043f\u0435\u043d\u044c\u043a\u0438)"}}, {"pk": 53, "model": "price.item", "fields": {"price": 400, "subcategory": 12, "unit": " \u043a\u0432. \u043c", "name": "\u0428\u043b\u0438\u0444\u043e\u0432\u043a\u0430 \u043c\u0440\u0430\u043c\u043e\u0440\u0430"}}]